id,title,description,link,image_link,price,item_group_id,gtin,mpn,google_product_category,product_type,brand,adult,is_bundle,sale_price,sale_price_effective_date,cost_of_goods_sold,mobile_link,platform_specific_link,additional_image_links,lifestyle_image_link,availability,expiration_date,condition,age_group,gender,color,size,size_type,material,pattern,product_detail,product_highlight,average_review_rating,number_of_ratings,custom_label_0,custom_label_1,custom_label_2,custom_label_3,custom_label_4,custom_number_0,custom_number_1,custom_number_2,custom_number_3,custom_number_4
1001,Classic Cotton Crew Tee - Black,"Soft ringspun cotton crew neck. Pre-shrunk, tagless comfort.",https://www.example.com/tees/crew-black,https://cdn.example.com/images/tee-black.jpg,24.99 USD,GRP-TS01,0012345600101,UT-CREW-BLK-M,Apparel & Accessories > Clothing > Shirts & Tops,T-Shirts,UrbanThread,no,no,19.99 USD,2026-04-10T00:00-0400/2026-04-20T23:59-0400,8.50 USD,https://www.example.com/m/tees/crew-black,,,https://cdn.example.com/images/tee-black-life.jpg,in_stock,2026-12-31T23:59:59Z,new,adult,unisex,Black,M,regular,cotton,solid,,Breathable everyday essential,4.6,2340,bestseller,summer,basics,organic,top-rated,1,,,,
1002,Classic Cotton Crew Tee - Navy,"Soft ringspun cotton crew neck. Pre-shrunk, tagless comfort.",https://www.example.com/tees/crew-navy,https://cdn.example.com/images/tee-navy.jpg,24.99 USD,GRP-TS01,0012345600102,UT-CREW-NVY-L,Apparel & Accessories > Clothing > Shirts & Tops,T-Shirts,UrbanThread,no,no,19.99 USD,2026-04-10T00:00-0400/2026-04-20T23:59-0400,8.50 USD,https://www.example.com/m/tees/crew-navy,,,https://cdn.example.com/images/tee-navy-life.jpg,in_stock,2026-12-31T23:59:59Z,new,adult,unisex,Navy,L,regular,cotton,solid,,Breathable everyday essential,4.6,2340,bestseller,summer,basics,organic,top-rated,1,,,,
1003,Classic Cotton Crew Tee - White,"Soft ringspun cotton crew neck. Pre-shrunk, tagless comfort.",https://www.example.com/tees/crew-white,https://cdn.example.com/images/tee-white.jpg,24.99 USD,GRP-TS01,0012345600103,UT-CREW-WHT-S,Apparel & Accessories > Clothing > Shirts & Tops,T-Shirts,UrbanThread,no,no,19.99 USD,2026-04-10T00:00-0400/2026-04-20T23:59-0400,8.50 USD,https://www.example.com/m/tees/crew-white,,,https://cdn.example.com/images/tee-white-life.jpg,in_stock,2026-12-31T23:59:59Z,new,adult,unisex,White,S,regular,cotton,solid,,Breathable everyday essential,4.6,2340,bestseller,summer,basics,organic,top-rated,1,,,,
1004,Classic Cotton Crew Tee - Heather Grey,"Soft ringspun cotton crew neck. Pre-shrunk, tagless comfort.",https://www.example.com/tees/crew-grey,https://cdn.example.com/images/tee-grey.jpg,24.99 USD,GRP-TS01,0012345600104,UT-CREW-GRY-XL,Apparel & Accessories > Clothing > Shirts & Tops,T-Shirts,UrbanThread,no,no,,,8.50 USD,https://www.example.com/m/tees/crew-grey,,,https://cdn.example.com/images/tee-grey-life.jpg,in_stock,2026-12-31T23:59:59Z,new,adult,unisex,Heather Grey,XL,regular,cotton,solid,,Breathable everyday essential,4.6,2340,bestseller,summer,basics,organic,top-rated,1,,,,
1005,Heavyweight Pullover Hoodie - Charcoal,Fleece-lined 12oz hoodie with kangaroo pocket and ribbed cuffs.,https://www.example.com/hoodies/charcoal,https://cdn.example.com/images/hoodie-charcoal.jpg,64.99 USD,GRP-HD01,0012345600201,UT-HOOD-CHR-L,Apparel & Accessories > Clothing > Outerwear,Hoodies,UrbanThread,no,no,,,22.00 USD,https://www.example.com/m/hoodies/charcoal,,,https://cdn.example.com/images/hoodie-charcoal-life.jpg,in_stock,2026-12-31T23:59:59Z,new,adult,unisex,Charcoal,L,regular,polyester blend,solid,,Cozy layering staple,4.7,876,new-arrival,winter,layering,premium,top-rated,2,,,,
1006,Heavyweight Pullover Hoodie - Forest Green,Fleece-lined 12oz hoodie with kangaroo pocket and ribbed cuffs.,https://www.example.com/hoodies/forest-green,https://cdn.example.com/images/hoodie-green.jpg,64.99 USD,GRP-HD01,0012345600202,UT-HOOD-GRN-M,Apparel & Accessories > Clothing > Outerwear,Hoodies,UrbanThread,no,no,,,22.00 USD,https://www.example.com/m/hoodies/forest-green,,,https://cdn.example.com/images/hoodie-green-life.jpg,in_stock,2026-12-31T23:59:59Z,new,adult,unisex,Forest Green,M,regular,polyester blend,solid,,Cozy layering staple,4.7,876,new-arrival,winter,layering,premium,top-rated,2,,,,
1007,Heavyweight Pullover Hoodie - Burgundy,Fleece-lined 12oz hoodie with kangaroo pocket and ribbed cuffs.,https://www.example.com/hoodies/burgundy,https://cdn.example.com/images/hoodie-burgundy.jpg,64.99 USD,GRP-HD01,0012345600203,UT-HOOD-BRG-XL,Apparel & Accessories > Clothing > Outerwear,Hoodies,UrbanThread,no,no,54.99 USD,2026-04-10T00:00-0400/2026-04-20T23:59-0400,22.00 USD,https://www.example.com/m/hoodies/burgundy,,,https://cdn.example.com/images/hoodie-burgundy-life.jpg,in_stock,2026-12-31T23:59:59Z,new,adult,unisex,Burgundy,XL,regular,polyester blend,solid,,Cozy layering staple,4.7,876,sale,winter,layering,premium,top-rated,2,,,,
1008,Tech Fleece Joggers - Black,Tapered joggers with zippered pockets and moisture-wicking tech fleece.,https://www.example.com/pants/joggers-black,https://cdn.example.com/images/joggers-black.jpg,54.99 USD,GRP-JG01,0012345600301,UT-JOG-BLK-M,Apparel & Accessories > Clothing > Pants,Joggers,UrbanThread,no,no,44.99 USD,2026-04-10T00:00-0400/2026-04-20T23:59-0400,18.00 USD,https://www.example.com/m/pants/joggers-black,,,https://cdn.example.com/images/joggers-black-life.jpg,in_stock,2026-12-31T23:59:59Z,new,adult,male,Black,M,regular,polyester,solid,,All-day athleisure comfort,4.4,1203,bestseller,athleisure,bottoms,,,3,,,,
1009,Tech Fleece Joggers - Grey,Tapered joggers with zippered pockets and moisture-wicking tech fleece.,https://www.example.com/pants/joggers-grey,https://cdn.example.com/images/joggers-grey.jpg,54.99 USD,GRP-JG01,0012345600302,UT-JOG-GRY-L,Apparel & Accessories > Clothing > Pants,Joggers,UrbanThread,no,no,44.99 USD,2026-04-10T00:00-0400/2026-04-20T23:59-0400,18.00 USD,https://www.example.com/m/pants/joggers-grey,,,https://cdn.example.com/images/joggers-grey-life.jpg,in_stock,2026-12-31T23:59:59Z,new,adult,male,Grey,L,regular,polyester,solid,,All-day athleisure comfort,4.4,1203,bestseller,athleisure,bottoms,,,3,,,,
1010,Vintage Wash Denim Jacket,Classic trucker-style jacket with relaxed vintage wash and brass buttons.,https://www.example.com/jackets/denim-vintage,https://cdn.example.com/images/denim-jacket.jpg,89.99 USD,,0012345600401,UT-DNM-VTG-M,Apparel & Accessories > Clothing > Outerwear > Coats & Jackets,Jackets,UrbanThread,no,no,,,30.00 USD,https://www.example.com/m/jackets/denim-vintage,,,https://cdn.example.com/images/denim-jacket-life.jpg,in_stock,2026-12-31T23:59:59Z,new,adult,unisex,Vintage Blue,M,regular,denim,solid,,Timeless wardrobe staple,4.5,567,new-arrival,spring,outerwear,,,4,,,,
1011,Linen Wrap Midi Dress - Oat,Relaxed-fit linen wrap dress with tie waist and side pockets. Machine washable.,https://www.example.com/dresses/linen-wrap-oat,https://cdn.example.com/images/dress-oat.jpg,74.99 USD,,0012345600501,UT-WRAP-OAT-M,Apparel & Accessories > Clothing > Dresses,Dresses,UrbanThread,no,no,59.99 USD,2026-04-10T00:00-0400/2026-04-20T23:59-0400,24.00 USD,https://www.example.com/m/dresses/linen-wrap-oat,,,https://cdn.example.com/images/dress-oat-life.jpg,in_stock,2026-12-31T23:59:59Z,new,adult,female,Oat,M,regular,linen,solid,,Effortless warm-weather style,4.5,432,sale,summer,dresses,,,4,,,,
1012,Everyday Ankle Sock 6-Pack,Cushioned ankle socks with arch support and moisture-wicking blend. Fits sizes 6-12.,https://www.example.com/socks/ankle-6pack,https://cdn.example.com/images/socks-ankle.jpg,19.99 USD,,0012345600601,UT-SOCK-ANK-6,Apparel & Accessories > Clothing > Underwear & Socks > Socks,Socks,UrbanThread,no,no,,,5.00 USD,https://www.example.com/m/socks/ankle-6pack,,,https://cdn.example.com/images/socks-ankle-life.jpg,in_stock,2026-12-31T23:59:59Z,new,adult,unisex,Multi,6-12,regular,cotton blend,solid,,Cushioned comfort all day,4.3,876,,basics,socks,,,5,,,,
2001,CloudStride Running Shoe - Volt,Lightweight neutral runner with responsive foam midsole and breathable mesh. 8.2oz.,https://www.example.com/shoes/cloudstride-volt,https://cdn.example.com/images/shoe-volt.jpg,129.99 USD,GRP-RS01,0012345700101,ST-CLOUD-VLT-10,Apparel & Accessories > Shoes,Running Shoes,StrideTech,no,no,99.99 USD,2026-04-10T00:00-0400/2026-04-20T23:59-0400,42.00 USD,https://www.example.com/m/shoes/cloudstride-volt,,,https://cdn.example.com/images/shoe-volt-life.jpg,in_stock,2026-12-31T23:59:59Z,new,adult,male,Volt/Black,10,,mesh/foam,,,Responsive daily trainer,4.5,567,sale,running,footwear,performance,,6,,,,
2002,CloudStride Running Shoe - Arctic Blue,Lightweight neutral runner with responsive foam midsole and breathable mesh. 8.2oz.,https://www.example.com/shoes/cloudstride-blue,https://cdn.example.com/images/shoe-blue.jpg,129.99 USD,GRP-RS01,0012345700102,ST-CLOUD-BLU-9,Apparel & Accessories > Shoes,Running Shoes,StrideTech,no,no,,,42.00 USD,https://www.example.com/m/shoes/cloudstride-blue,,,https://cdn.example.com/images/shoe-blue-life.jpg,in_stock,2026-12-31T23:59:59Z,new,adult,male,Arctic Blue,9,,mesh/foam,,,Responsive daily trainer,4.5,567,new-arrival,running,footwear,performance,,6,,,,
2003,CloudStride Running Shoe - Coral,Lightweight neutral runner with responsive foam midsole and breathable mesh. 7.8oz women's.,https://www.example.com/shoes/cloudstride-coral,https://cdn.example.com/images/shoe-coral.jpg,129.99 USD,GRP-RS01,0012345700103,ST-CLOUD-CRL-8W,Apparel & Accessories > Shoes,Running Shoes,StrideTech,no,no,99.99 USD,2026-04-10T00:00-0400/2026-04-20T23:59-0400,42.00 USD,https://www.example.com/m/shoes/cloudstride-coral,,,https://cdn.example.com/images/shoe-coral-life.jpg,in_stock,2026-12-31T23:59:59Z,new,adult,female,Coral,8,,mesh/foam,,,Responsive daily trainer,4.5,567,sale,running,footwear,performance,,6,,,,
2004,Recovery Slide Sandal - Black,Cushioned EVA recovery slide with arch support and textured footbed.,https://www.example.com/shoes/slide-black,https://cdn.example.com/images/slide-black.jpg,39.99 USD,,0012345700201,ST-RSLIDE-BLK-10,Apparel & Accessories > Shoes,Sandals,StrideTech,no,no,,,12.00 USD,https://www.example.com/m/shoes/slide-black,,,https://cdn.example.com/images/slide-black-life.jpg,in_stock,2026-12-31T23:59:59Z,new,adult,unisex,Black,10,,EVA foam,solid,,Post-workout recovery essential,4.2,432,,running,footwear,recovery,,7,,,,
3001,ProBass ANC Over-Ear Headphones - Black,"ANC headphones with 40mm drivers, 30hr battery, multipoint Bluetooth 5.3.",https://www.example.com/audio/probass-black,https://cdn.example.com/images/headphones-black.jpg,199.99 USD,GRP-HP01,0098765400101,SW-PBANC-BLK,Electronics > Audio > Headphones,Over-Ear Headphones,SoundWave,no,no,149.99 USD,2026-04-10T00:00-0400/2026-04-20T23:59-0400,55.00 USD,https://www.example.com/m/audio/probass-black,,,https://cdn.example.com/images/headphones-black-life.jpg,in_stock,2026-12-31T23:59:59Z,new,adult,unisex,Matte Black,One Size,,aluminum/protein leather,,,Industry-leading noise cancellation,4.3,3421,bestseller,electronics,audio,gift-guide,top-rated,8,,,,
3002,ProBass ANC Over-Ear Headphones - Silver,"ANC headphones with 40mm drivers, 30hr battery, multipoint Bluetooth 5.3.",https://www.example.com/audio/probass-silver,https://cdn.example.com/images/headphones-silver.jpg,199.99 USD,GRP-HP01,0098765400102,SW-PBANC-SLV,Electronics > Audio > Headphones,Over-Ear Headphones,SoundWave,no,no,149.99 USD,2026-04-10T00:00-0400/2026-04-20T23:59-0400,55.00 USD,https://www.example.com/m/audio/probass-silver,,,https://cdn.example.com/images/headphones-silver-life.jpg,in_stock,2026-12-31T23:59:59Z,new,adult,unisex,Silver,One Size,,aluminum/protein leather,,,Industry-leading noise cancellation,4.3,3421,bestseller,electronics,audio,gift-guide,top-rated,8,,,,
3003,TrueFit Pro Wireless Earbuds,"True wireless with hybrid ANC, 8hr playtime, IPX5, wireless charging case.",https://www.example.com/audio/truefit-pro,https://cdn.example.com/images/earbuds-pro.jpg,89.99 USD,,0098765400201,SW-TFPRO-MID,Electronics > Audio > Headphones,Earbuds,SoundWave,no,no,,,28.00 USD,https://www.example.com/m/audio/truefit-pro,,,https://cdn.example.com/images/earbuds-pro-life.jpg,in_stock,2026-12-31T23:59:59Z,new,adult,unisex,Midnight,One Size,,plastic,,,Crystal clear calls and music,4.2,1876,new-arrival,electronics,audio,portable,,9,,,,
3004,TrueFit Sport Wireless Earbuds,"Sport earbuds with ear hooks, IPX7, 10hr battery, ambient mode.",https://www.example.com/audio/truefit-sport,https://cdn.example.com/images/earbuds-sport.jpg,69.99 USD,,0098765400301,SW-TFSPT-GRN,Electronics > Audio > Headphones,Earbuds,SoundWave,no,no,49.99 USD,2026-04-10T00:00-0400/2026-04-20T23:59-0400,22.00 USD,https://www.example.com/m/audio/truefit-sport,,,https://cdn.example.com/images/earbuds-sport-life.jpg,in_stock,2026-12-31T23:59:59Z,new,adult,unisex,Neon Green,One Size,,silicone/plastic,,,Built for sweat and rain,4.1,943,sale,electronics,fitness,,,9,,,,
3005,MechType 75% Wireless Mechanical Keyboard,"Hot-swappable 75% with Gateron switches, RGB, tri-mode connectivity.",https://www.example.com/peripherals/mechtype-75,https://cdn.example.com/images/keyboard-75.jpg,109.99 USD,,0098765400401,CF-M75W-SGR,Electronics > Computers & Accessories > Input Devices > Keyboards,Keyboards,ClickForge,no,no,,,38.00 USD,https://www.example.com/m/peripherals/mechtype-75,,,https://cdn.example.com/images/keyboard-75-life.jpg,in_stock,2026-12-31T23:59:59Z,new,adult,unisex,Space Grey,75%,,aluminum,,,Satisfying tactile typing,4.6,2109,bestseller,electronics,peripherals,gaming,top-rated,10,,,,
3006,PrecisionGlide Ergonomic Wireless Mouse,"Vertical mouse with 4000 DPI, USB-C charging, 6 programmable buttons.",https://www.example.com/peripherals/precisionglide,https://cdn.example.com/images/mouse-ergo.jpg,49.99 USD,,0098765400501,CF-PGER-BLK,Electronics > Computers & Accessories > Input Devices > Mice,Mice,ClickForge,no,no,39.99 USD,2026-04-10T00:00-0400/2026-04-20T23:59-0400,15.00 USD,https://www.example.com/m/peripherals/precisionglide,,,https://cdn.example.com/images/mouse-ergo-life.jpg,in_stock,2026-12-31T23:59:59Z,new,adult,unisex,Black,One Size,,plastic,,,Wrist-friendly all-day use,4.4,1567,sale,electronics,peripherals,ergonomic,,10,,,,
3007,PowerVault 20000mAh Portable Charger,"65W PD fast charging, dual USB-C + USB-A, LED display.",https://www.example.com/accessories/powervault-20k,https://cdn.example.com/images/charger-20k.jpg,54.99 USD,,0098765400601,PV-20K-BLK,Electronics > Electronics Accessories > Power,Portable Chargers,PowerVault,no,no,,,16.00 USD,https://www.example.com/m/accessories/powervault-20k,,,https://cdn.example.com/images/charger-20k-life.jpg,in_stock,2026-12-31T23:59:59Z,new,adult,unisex,Black,One Size,,aluminum,,,Charges a laptop on the go,4.5,2345,bestseller,electronics,charging,travel,,11,,,,
3008,ClearView 4K Streaming Webcam,"4K autofocus webcam with ring light, dual mics, and privacy shutter.",https://www.example.com/peripherals/clearview-4k,https://cdn.example.com/images/webcam-4k.jpg,79.99 USD,,0098765400701,CV-4K-BLK,Electronics > Computers & Accessories > Computer Components > Webcams,Webcams,ClickForge,no,no,59.99 USD,2026-04-10T00:00-0400/2026-04-20T23:59-0400,24.00 USD,https://www.example.com/m/peripherals/clearview-4k,,,https://cdn.example.com/images/webcam-4k-life.jpg,in_stock,2026-12-31T23:59:59Z,new,adult,unisex,Black,One Size,,plastic,,,Look professional on every call,4.3,876,sale,electronics,peripherals,streaming,,11,,,,
4001,Hand-Poured Soy Candle - Cedarwood & Vanilla,"100% natural soy wax, cotton wick, 60hr burn. Hand-poured in small batches.",https://www.example.com/candles/cedarwood-vanilla,https://cdn.example.com/images/candle-cedar.jpg,32.99 USD,GRP-CN01,0055667700101,GC-SOY-CDV-12,Home & Garden > Decor > Candles,Candles,GlowCraft,no,no,,,9.00 USD,https://www.example.com/m/candles/cedarwood-vanilla,,,https://cdn.example.com/images/candle-cedar-life.jpg,in_stock,2026-12-31T23:59:59Z,new,adult,unisex,Amber,12 oz,,soy wax,,,Warm and inviting scent,4.8,4521,bestseller,home,candles,gift-guide,top-rated,12,,,,
4002,Hand-Poured Soy Candle - Lavender Fields,"100% natural soy wax, cotton wick, 60hr burn. Hand-poured in small batches.",https://www.example.com/candles/lavender-fields,https://cdn.example.com/images/candle-lavender.jpg,32.99 USD,GRP-CN01,0055667700102,GC-SOY-LAV-12,Home & Garden > Decor > Candles,Candles,GlowCraft,no,no,27.99 USD,2026-04-10T00:00-0400/2026-04-20T23:59-0400,9.00 USD,https://www.example.com/m/candles/lavender-fields,,,https://cdn.example.com/images/candle-lavender-life.jpg,in_stock,2026-12-31T23:59:59Z,new,adult,unisex,Lilac,12 oz,,soy wax,,,Calming bedtime ritual,4.8,4521,sale,home,candles,gift-guide,top-rated,12,,,,
4003,Hand-Poured Soy Candle - Fresh Linen,"100% natural soy wax, cotton wick, 45hr burn. Hand-poured in small batches.",https://www.example.com/candles/fresh-linen,https://cdn.example.com/images/candle-linen.jpg,24.99 USD,GRP-CN01,0055667700103,GC-SOY-LIN-8,Home & Garden > Decor > Candles,Candles,GlowCraft,no,no,,,7.00 USD,https://www.example.com/m/candles/fresh-linen,,,https://cdn.example.com/images/candle-linen-life.jpg,in_stock,2026-12-31T23:59:59Z,new,adult,unisex,White,8 oz,,soy wax,,,Clean and airy everyday scent,4.7,2103,,home,candles,,,12,,,,
4004,Chunky Knit Throw Blanket,Oversized hand-knit chenille throw. Machine washable. 50x70 inches.,https://www.example.com/bedding/chunky-knit,https://cdn.example.com/images/blanket-knit.jpg,79.99 USD,,0055667700201,NW-CHUNK-IVY,Home & Garden > Linens & Bedding > Bedding > Blankets,Blankets,NestWell,no,no,59.99 USD,2026-04-10T00:00-0400/2026-04-20T23:59-0400,25.00 USD,https://www.example.com/m/bedding/chunky-knit,,,https://cdn.example.com/images/blanket-knit-life.jpg,in_stock,2026-12-31T23:59:59Z,new,adult,unisex,Ivory,50x70,,chenille,knit,,Couch and movie night essential,4.7,3245,sale,home,bedding,cozy,top-rated,13,,,,
4005,Ceramic Pour-Over Coffee Mug - Sage,Handcrafted stoneware with matte glaze. Microwave/dishwasher safe. 14oz.,https://www.example.com/kitchen/mug-sage,https://cdn.example.com/images/mug-sage.jpg,18.99 USD,GRP-MG01,0055667700301,CC-POUR-SAG-14,Home & Garden > Kitchen & Dining > Tableware > Drinkware > Mugs,Mugs,ClayCo,no,no,,,5.50 USD,https://www.example.com/m/kitchen/mug-sage,,,https://cdn.example.com/images/mug-sage-life.jpg,in_stock,2026-12-31T23:59:59Z,new,adult,unisex,Sage,14 oz,,stoneware,,,Morning coffee upgrade,4.5,1890,bestseller,home,kitchen,gift-guide,,14,,,,
4006,Ceramic Pour-Over Coffee Mug - Terracotta,Handcrafted stoneware with matte glaze. Microwave/dishwasher safe. 14oz.,https://www.example.com/kitchen/mug-terracotta,https://cdn.example.com/images/mug-terracotta.jpg,18.99 USD,GRP-MG01,0055667700302,CC-POUR-TER-14,Home & Garden > Kitchen & Dining > Tableware > Drinkware > Mugs,Mugs,ClayCo,no,no,,,5.50 USD,https://www.example.com/m/kitchen/mug-terracotta,,,https://cdn.example.com/images/mug-terracotta-life.jpg,in_stock,2026-12-31T23:59:59Z,new,adult,unisex,Terracotta,14 oz,,stoneware,,,Morning coffee upgrade,4.5,1890,,home,kitchen,gift-guide,,14,,,,
4007,Self-Watering Concrete Planter,Minimalist planter with built-in reservoir and drainage hole. Indoor/outdoor.,https://www.example.com/garden/concrete-planter,https://cdn.example.com/images/planter-concrete.jpg,34.99 USD,,0055667700401,GR-SWCP-GRY-8,Home & Garden > Lawn & Garden > Gardening > Pots & Planters,Planters,GreenRoot,no,no,,,11.00 USD,https://www.example.com/m/garden/concrete-planter,,,https://cdn.example.com/images/planter-concrete-life.jpg,in_stock,2026-12-31T23:59:59Z,new,adult,unisex,Natural Grey,8 inch,,concrete,,,Low-maintenance plant parenting,4.3,678,new-arrival,home,garden,,,15,,,,
4008,Minimalist LED Desk Lamp,"Touch LED lamp with 5 brightness levels, warm-to-cool temp, USB-C port.",https://www.example.com/lighting/desk-lamp,https://cdn.example.com/images/lamp-desk.jpg,44.99 USD,,0055667700501,NW-LAMP-BLK,Home & Garden > Lighting > Lamps,Desk Lamps,NestWell,no,no,,,14.00 USD,https://www.example.com/m/lighting/desk-lamp,,,https://cdn.example.com/images/lamp-desk-life.jpg,in_stock,2026-12-31T23:59:59Z,new,adult,unisex,Matte Black,One Size,,aluminum/plastic,,,Eye-friendly light for long sessions,4.4,1234,,home,lighting,office,,15,,,,
5001,ProGrip Yoga Mat 6mm - Ocean Blue,Non-slip natural rubber with alignment lines. PVC/latex free. 72x24in.,https://www.example.com/fitness/yogamat-blue,https://cdn.example.com/images/yogamat-blue.jpg,68.99 USD,GRP-YM01,0077889900101,ZF-PGRIP-BLU-6,Sporting Goods > Exercise & Fitness > Yoga & Pilates,Yoga Mats,ZenFit,no,no,,,20.00 USD,https://www.example.com/m/fitness/yogamat-blue,,,https://cdn.example.com/images/yogamat-blue-life.jpg,in_stock,2026-12-31T23:59:59Z,new,adult,unisex,Ocean Blue,72x24,,natural rubber,alignment lines,,Non-slip grip in every pose,4.6,2876,bestseller,fitness,yoga,eco-friendly,top-rated,16,,,,
5002,ProGrip Yoga Mat 6mm - Blush,Non-slip natural rubber with alignment lines. PVC/latex free. 72x24in.,https://www.example.com/fitness/yogamat-blush,https://cdn.example.com/images/yogamat-blush.jpg,68.99 USD,GRP-YM01,0077889900102,ZF-PGRIP-BLS-6,Sporting Goods > Exercise & Fitness > Yoga & Pilates,Yoga Mats,ZenFit,no,no,58.99 USD,2026-04-10T00:00-0400/2026-04-20T23:59-0400,20.00 USD,https://www.example.com/m/fitness/yogamat-blush,,,https://cdn.example.com/images/yogamat-blush-life.jpg,in_stock,2026-12-31T23:59:59Z,new,adult,unisex,Blush,72x24,,natural rubber,alignment lines,,Non-slip grip in every pose,4.6,2876,sale,fitness,yoga,eco-friendly,top-rated,16,,,,
5003,Fabric Resistance Band Set (5-Pack),"5 non-slip fabric bands, light to extra-heavy. Includes carry pouch.",https://www.example.com/fitness/resistance-bands,https://cdn.example.com/images/bands-set.jpg,29.99 USD,,0077889900201,ZF-FBAND-5PK,Sporting Goods > Exercise & Fitness > Exercise Bands,Resistance Bands,ZenFit,no,no,,,8.00 USD,https://www.example.com/m/fitness/resistance-bands,,,https://cdn.example.com/images/bands-set-life.jpg,in_stock,2026-12-31T23:59:59Z,new,adult,unisex,Multi,Set of 5,,fabric/latex,,,Full-body workout anywhere,4.4,3456,bestseller,fitness,strength,,,17,,,,
5004,Insulated Steel Water Bottle 32oz - Black,"Triple-wall vacuum insulated. Cold 24hr, hot 12hr. BPA-free, leak-proof.",https://www.example.com/hydration/bottle-black,https://cdn.example.com/images/bottle-black.jpg,34.99 USD,GRP-WB01,0077889900301,HT-INS-BLK-32,Home & Garden > Kitchen & Dining > Food & Beverage Carriers > Water Bottles,Water Bottles,HydroTrail,no,no,27.99 USD,2026-04-10T00:00-0400/2026-04-20T23:59-0400,10.00 USD,https://www.example.com/m/hydration/bottle-black,,,https://cdn.example.com/images/bottle-black-life.jpg,in_stock,2026-12-31T23:59:59Z,new,adult,unisex,Midnight Black,32 oz,,stainless steel,,,Ice cold drinks all day,4.7,5432,sale,fitness,hydration,gift-guide,top-rated,17,,,,
5005,Insulated Steel Water Bottle 32oz - Alpine,"Triple-wall vacuum insulated. Cold 24hr, hot 12hr. BPA-free, leak-proof.",https://www.example.com/hydration/bottle-green,https://cdn.example.com/images/bottle-green.jpg,34.99 USD,GRP-WB01,0077889900302,HT-INS-GRN-32,Home & Garden > Kitchen & Dining > Food & Beverage Carriers > Water Bottles,Water Bottles,HydroTrail,no,no,,,10.00 USD,https://www.example.com/m/hydration/bottle-green,,,https://cdn.example.com/images/bottle-green-life.jpg,in_stock,2026-12-31T23:59:59Z,new,adult,unisex,Alpine Green,32 oz,,stainless steel,,,Ice cold drinks all day,4.7,5432,,fitness,hydration,,,17,,,,
5006,Gym Duffel Bag with Shoe Compartment,"35L duffel with ventilated shoe pocket, wet/dry separator, padded strap.",https://www.example.com/bags/gym-duffel,https://cdn.example.com/images/duffel-slate.jpg,59.99 USD,,0077889900401,HT-DUFF-SLT-35,Luggage & Bags > Gym Bags,Gym Bags,HydroTrail,no,no,,,19.00 USD,https://www.example.com/m/bags/gym-duffel,,,https://cdn.example.com/images/duffel-slate-life.jpg,in_stock,2026-12-31T23:59:59Z,new,adult,unisex,Slate,35L,,recycled nylon,,,Organized gym bag with shoe pocket,4.3,1234,new-arrival,fitness,bags,eco-friendly,,18,,,,
5007,High-Density Foam Roller 18in,Textured EVA foam roller for deep tissue massage and muscle recovery.,https://www.example.com/fitness/foam-roller,https://cdn.example.com/images/roller-18.jpg,24.99 USD,,0077889900501,ZF-ROLL-18,Sporting Goods > Exercise & Fitness,Foam Rollers,ZenFit,no,no,,,7.00 USD,https://www.example.com/m/fitness/foam-roller,,,https://cdn.example.com/images/roller-18-life.jpg,in_stock,2026-12-31T23:59:59Z,new,adult,unisex,Black,18 inch,,EVA foam,textured,,Speed up post-workout recovery,4.3,987,,fitness,recovery,,,18,,,,
5008,Weighted Speed Jump Rope,Adjustable bearing jump rope with weighted handles and steel cable. 10ft.,https://www.example.com/fitness/jump-rope,https://cdn.example.com/images/jumprope.jpg,19.99 USD,,0077889900601,ZF-JROPE-BLK,Sporting Goods > Exercise & Fitness,Jump Ropes,ZenFit,no,no,,,5.00 USD,https://www.example.com/m/fitness/jump-rope,,,https://cdn.example.com/images/jumprope-life.jpg,in_stock,2026-12-31T23:59:59Z,new,adult,unisex,Black/Red,10 ft,,steel/foam,,,Cardio anywhere anytime,4.2,654,,fitness,cardio,,,18,,,,
6001,Daily Hydrating Moisturizer SPF 30,"Lightweight moisturizer with broad-spectrum SPF 30, hyaluronic acid, vitamin E. Fragrance-free.",https://www.example.com/skincare/moisturizer-spf30,https://cdn.example.com/images/moisturizer-spf.jpg,28.99 USD,,0033445500101,DD-HYDM-SPF30,Health & Beauty > Personal Care > Cosmetics > Skin Care,Moisturizers,DewDrop,no,no,,,7.50 USD,https://www.example.com/m/skincare/moisturizer-spf30,,,https://cdn.example.com/images/moisturizer-spf-life.jpg,in_stock,2026-12-31T23:59:59Z,new,adult,unisex,,50 ml,,,,,Hydration plus sun protection,4.5,6789,bestseller,beauty,skincare,spf,top-rated,19,,,,
6002,Vitamin C Brightening Serum,20% Vitamin C with ferulic acid and HA. Brightens and firms. 1oz dropper.,https://www.example.com/skincare/vitamin-c-serum,https://cdn.example.com/images/serum-vitc.jpg,38.99 USD,,0033445500201,DD-VITC-SRM,Health & Beauty > Personal Care > Cosmetics > Skin Care,Serums,DewDrop,no,no,29.99 USD,2026-04-10T00:00-0400/2026-04-20T23:59-0400,9.00 USD,https://www.example.com/m/skincare/vitamin-c-serum,,,https://cdn.example.com/images/serum-vitc-life.jpg,in_stock,2026-12-31T23:59:59Z,new,adult,unisex,,30 ml,,,,,Visible glow in two weeks,4.4,3456,sale,beauty,skincare,anti-aging,,19,,,,
6003,Tinted Lip Balm - Rose,"Moisturizing tinted balm with shea butter and jojoba oil. Buildable color, SPF 15.",https://www.example.com/beauty/lip-balm-rose,https://cdn.example.com/images/lipbalm-rose.jpg,12.99 USD,GRP-LB01,0033445500301,DD-TLIP-ROSE,Health & Beauty > Personal Care > Cosmetics > Lip Care,Lip Balm,DewDrop,no,no,,,3.00 USD,https://www.example.com/m/beauty/lip-balm-rose,,,https://cdn.example.com/images/lipbalm-rose-life.jpg,in_stock,2026-12-31T23:59:59Z,new,adult,female,Rose,One Size,,,,,Effortless everyday color,4.6,2345,bestseller,beauty,lips,,,20,,,,
6004,Tinted Lip Balm - Berry,"Moisturizing tinted balm with shea butter and jojoba oil. Buildable color, SPF 15.",https://www.example.com/beauty/lip-balm-berry,https://cdn.example.com/images/lipbalm-berry.jpg,12.99 USD,GRP-LB01,0033445500302,DD-TLIP-BERRY,Health & Beauty > Personal Care > Cosmetics > Lip Care,Lip Balm,DewDrop,no,no,,,3.00 USD,https://www.example.com/m/beauty/lip-balm-berry,,,https://cdn.example.com/images/lipbalm-berry-life.jpg,in_stock,2026-12-31T23:59:59Z,new,adult,female,Berry,One Size,,,,,Effortless everyday color,4.6,2345,,beauty,lips,,,20,,,,
6005,Gentle Foaming Face Wash,pH-balanced cleanser with green tea and aloe vera. Sulfate-free. 6oz.,https://www.example.com/skincare/face-wash,https://cdn.example.com/images/facewash.jpg,16.99 USD,,0033445500401,DD-FOAM-GRN,Health & Beauty > Personal Care > Cosmetics > Skin Care,Cleansers,DewDrop,no,no,,,4.50 USD,https://www.example.com/m/skincare/face-wash,,,https://cdn.example.com/images/facewash-life.jpg,in_stock,2026-12-31T23:59:59Z,new,adult,unisex,,6 oz,,,,,Clean without the tight feeling,4.3,1567,,beauty,skincare,,,20,,,,
7001,Orthopedic Memory Foam Dog Bed - Large,Supportive memory foam with bolster sides. Removable washable cover. 36x28in.,https://www.example.com/pets/dog-bed-large,https://cdn.example.com/images/dogbed-grey.jpg,89.99 USD,,0044556600101,PW-ORTHO-GRY-L,Animals & Pet Supplies > Pet Supplies > Dog Supplies > Dog Beds,Dog Beds,PawNest,no,no,69.99 USD,2026-04-10T00:00-0400/2026-04-20T23:59-0400,28.00 USD,https://www.example.com/m/pets/dog-bed-large,,,https://cdn.example.com/images/dogbed-grey-life.jpg,in_stock,2026-12-31T23:59:59Z,new,adult,unisex,Grey,Large,,memory foam,,,Joint support for older dogs,4.6,1876,sale,pets,dog,gift-guide,top-rated,21,,,,
7002,Indestructible Chew Toy - Bone,"Ultra-durable natural rubber for aggressive chewers. Non-toxic, dishwasher safe.",https://www.example.com/pets/chew-toy-bone,https://cdn.example.com/images/chewtoy-bone.jpg,14.99 USD,,0044556600201,PW-CHEW-BNE,Animals & Pet Supplies > Pet Supplies > Dog Supplies > Dog Toys,Dog Toys,PawNest,no,no,,,4.00 USD,https://www.example.com/m/pets/chew-toy-bone,,,https://cdn.example.com/images/chewtoy-bone-life.jpg,in_stock,2026-12-31T23:59:59Z,new,adult,unisex,Orange,Medium,,natural rubber,,,Survives the toughest chewers,4.2,2345,bestseller,pets,dog,,,22,,,,
7003,Modern Cat Scratching Post,Sisal rope post with weighted base and dangling toy. 24 inches tall.,https://www.example.com/pets/cat-scratcher,https://cdn.example.com/images/scratcher-cat.jpg,39.99 USD,,0044556600301,PW-SCRT-NAT,Animals & Pet Supplies > Pet Supplies > Cat Supplies > Cat Furniture,Cat Furniture,PawNest,no,no,,,12.00 USD,https://www.example.com/m/pets/cat-scratcher,,,https://cdn.example.com/images/scratcher-cat-life.jpg,in_stock,2026-12-31T23:59:59Z,new,adult,unisex,Natural,24 inch,,sisal/wood,,,Save your furniture,4.4,876,new-arrival,pets,cat,,,22,,,,
7004,Adjustable Dog Harness - No Pull,Padded no-pull harness with front and back clip. Reflective stitching for night visibility.,https://www.example.com/pets/harness-nopull,https://cdn.example.com/images/harness-red.jpg,29.99 USD,,0044556600401,PW-HARN-RED-M,Animals & Pet Supplies > Pet Supplies > Dog Supplies > Dog Apparel,Dog Harnesses,PawNest,no,no,,,9.00 USD,https://www.example.com/m/pets/harness-nopull,,,https://cdn.example.com/images/harness-red-life.jpg,in_stock,2026-12-31T23:59:59Z,new,adult,unisex,Red,Medium,,nylon,,,Safe walks day and night,4.5,1432,bestseller,pets,dog,,,23,,,,
7005,Automatic Cat Water Fountain,Ultra-quiet 2L circulating water fountain with triple filtration and LED indicator.,https://www.example.com/pets/cat-fountain,https://cdn.example.com/images/fountain-cat.jpg,34.99 USD,,0044556600501,PW-FOUNT-WHT,Animals & Pet Supplies > Pet Supplies > Cat Supplies > Cat Feeding Supplies,Cat Fountains,PawNest,no,no,27.99 USD,2026-04-10T00:00-0400/2026-04-20T23:59-0400,10.00 USD,https://www.example.com/m/pets/cat-fountain,,,https://cdn.example.com/images/fountain-cat-life.jpg,in_stock,2026-12-31T23:59:59Z,new,adult,unisex,White,2L,,BPA-free plastic,,,Fresh flowing water keeps cats hydrated,4.3,765,sale,pets,cat,,,23,,,,
